"external_submission_id";"search_query";"donation_platform"
"3862";"https://www.youtube.com/results?search_query=theorien+der+internationalen+beziehungen";"YouTube"
"3862";"https://www.youtube.com/results?search_query=Gero+hesse";"YouTube"
"3862";"https://www.youtube.com/results?search_query=macarons";"YouTube"
"3862";"https://www.youtube.com/results?search_query=Weihnachtsgeschenke";"YouTube"
"3862";"https://www.youtube.com/results?search_query=sallys+welt+haus";"YouTube"
"9296";"https://www.youtube.com/results?search_query=reitmaier";"YouTube"
"9296";"https://www.youtube.com/results?search_query=zotero+manueller+eintrag";"YouTube"
"9296";"https://www.youtube.com/results?search_query=einfach+inka";"YouTube"
"9296";"https://www.youtube.com/results?search_query=tissot+1973+watch";"YouTube"
"9296";"https://www.youtube.com/results?search_query=Druck";"YouTube"
"9272";"https://www.youtube.com/results?search_query=der+pate+trailer+german";"YouTube"
"9272";"https://www.youtube.com/results?search_query=egypt+central";"YouTube"
"9272";"https://www.youtube.com/results?search_query=euded+euded+edu+werbung";"YouTube"
"9272";"https://www.youtube.com/results?search_query=Bunyeswehr+dienstgrade+und+verantwortungsbereiche";"YouTube"
"9272";"https://www.youtube.com/results?search_query=obsidian+ant";"YouTube"
"9268";"https://www.youtube.com/results?search_query=nie+mehr+cro";"YouTube"
"9268";"https://www.youtube.com/results?search_query=beste+deutsche+volleyballeins%C3%A4tze";"YouTube"
"9268";"https://www.youtube.com/results?search_query=hans+zimmer";"YouTube"
"9268";"https://www.youtube.com/results?search_query=vergiss+uns+nicht+rammstein";"YouTube"
"9268";"https://www.youtube.com/results?search_query=the+ting+tings";"YouTube"
"9922";"https://www.youtube.com/results?search_query=heidi+klum+victoria+secret+angel";"YouTube"
"9922";"https://www.youtube.com/results?search_query=gntm+highlights";"YouTube"
"9922";"https://www.youtube.com/results?search_query=western+australia+perth+to+exmouth";"YouTube"
"9922";"https://www.youtube.com/results?search_query=kahneman+prospect+theory";"YouTube"
"9922";"https://www.youtube.com/results?search_query=alpaca+funny";"YouTube"
"9822";"https://www.youtube.com/results?search_query=the+hanging+tree";"YouTube"
"9822";"https://www.youtube.com/results?search_query=depeche+mode";"YouTube"
"9822";"https://www.youtube.com/results?search_query=bond+spectre+song";"YouTube"
"9822";"https://www.youtube.com/results?search_query=wie+formuliere+ich+unternehmensziele";"YouTube"
"9822";"https://www.youtube.com/results?search_query=die+rotk%C3%A4ppchen+verschw%C3%B6rung+eichh%C3%B6rnchen+kaffee";"YouTube"
"8223";"https://www.youtube.com/results?search_query=fu+manchu+trailer";"YouTube"
"8223";"https://www.youtube.com/results?search_query=shreds+ariana+grande";"YouTube"
"8223";"https://www.youtube.com/results?search_query=simpsons+grimes";"YouTube"
"8223";"https://www.youtube.com/results?search_query=jay+z";"YouTube"
"8223";"https://www.youtube.com/results?search_query=speedo+earbuds+how+to+wear";"YouTube"
"8226";"https://www.youtube.com/results?search_query=kai+pflaume";"YouTube"
"8226";"https://www.youtube.com/results?search_query=the+awesome+world";"YouTube"
"8226";"https://www.youtube.com/results?search_query=penguinz0+woo+meme";"YouTube"
"8226";"https://www.youtube.com/results?search_query=hot+ones+look+at+us+meme";"YouTube"
"8226";"https://www.youtube.com/results?search_query=hank+pecker";"YouTube"
"8222";"https://www.youtube.com/results?search_query=Tylerwarwick";"YouTube"
"8222";"https://www.youtube.com/results?search_query=the+sun+is+so+strong";"YouTube"
"8222";"https://www.youtube.com/results?search_query=Galileo+hotel+amber";"YouTube"
"8222";"https://www.youtube.com/results?search_query=Miller+versuch";"YouTube"
"8222";"https://www.youtube.com/results?search_query=Titanic";"YouTube"
"8289";"https://www.youtube.com/results?search_query=the+duck+song";"YouTube"
"8289";"https://www.youtube.com/results?search_query=cramersche+regel";"YouTube"
"8289";"https://www.youtube.com/results?search_query=mutter+rammstein+lyrics";"YouTube"
"8289";"https://www.youtube.com/results?search_query=medicopter+117+song";"YouTube"
"8289";"https://www.youtube.com/results?search_query=regressionsgerade";"YouTube"
"8200";"https://www.youtube.com/results?search_query=heathens";"YouTube"
"8200";"https://www.youtube.com/results?search_query=kegy+ttt";"YouTube"
"8200";"https://www.youtube.com/results?search_query=blumio+eberhard";"YouTube"
"8200";"https://www.youtube.com/results?search_query=https://youtu.be/O5ooPGEiXkg";"YouTube"
"8200";"https://www.youtube.com/results?search_query=luke+2013+alle+runden";"YouTube"
"8302";"https://www.youtube.com/results?search_query=wacken+3d+-+louder+than+hell";"YouTube"
"8302";"https://www.youtube.com/results?search_query=wish+film";"YouTube"
"8302";"https://www.youtube.com/results?search_query=ps3+controller+reinigen";"YouTube"
"8302";"https://www.youtube.com/results?search_query=passierschein+a+38";"YouTube"
"8302";"https://www.youtube.com/results?search_query=Fame";"YouTube"
"8398";"https://www.youtube.com/results?search_query=drachenlord+brot+und+br%C3%B6tchen+spiegelei";"YouTube"
"8398";"https://www.youtube.com/results?search_query=saint+bernard";"YouTube"
"8398";"https://www.youtube.com/results?search_query=dancing+queen";"YouTube"
"8398";"https://www.youtube.com/results?search_query=ramin+djawadi+jenny+of+oldstones";"YouTube"
"8398";"https://www.youtube.com/results?search_query=rainer+winkler";"YouTube"
"8628";"https://www.youtube.com/results?search_query=10+min+upper+body";"YouTube"
"8628";"https://www.youtube.com/results?search_query=vegan+ist+ungesund";"YouTube"
"8628";"https://www.youtube.com/results?search_query=10min+hiit+";"YouTube"
"8628";"https://www.youtube.com/results?search_query=side+abs+workout";"YouTube"
"8628";"https://www.youtube.com/results?search_query=b%C3%B6hmermann+aff%C3%A4re+";"YouTube"
"6206";"https://www.youtube.com/results?search_query=abenteuer+forschung+sendung+vom+19+1";"YouTube"
"6206";"https://www.youtube.com/results?search_query=Whispering+Erotica";"YouTube"
"6206";"https://www.youtube.com/results?search_query=can%27t+you+see";"YouTube"
"6206";"https://www.youtube.com/results?search_query=Terry+Gilliam+Brazil";"YouTube"
"6206";"https://www.youtube.com/results?search_query=tarja+turunen+underneath+live";"YouTube"
"6223";"https://www.youtube.com/results?search_query=zelda+herr+der+wildnis";"YouTube"
"6223";"https://www.youtube.com/results?search_query=zelda+erinnerungsfotos+13";"YouTube"
"6223";"https://www.youtube.com/results?search_query=black+tail+game";"YouTube"
"6223";"https://www.youtube.com/results?search_query=youtube+alias+verwenden";"YouTube"
"6223";"https://www.youtube.com/results?search_query=zelda+w%C3%A4chter+flieger+besiegen";"YouTube"
"6282";"https://www.youtube.com/results?search_query=beweissicherungs-+und+festnahmeeinheit";"YouTube"
"6282";"https://www.youtube.com/results?search_query=polnische+handwerker";"YouTube"
"6282";"https://www.youtube.com/results?search_query=gabi+fastner+4+von+7+bauch";"YouTube"
"6282";"https://www.youtube.com/results?search_query=Christoph+sieber+Mensch+bleiben";"YouTube"
"6282";"https://www.youtube.com/results?search_query=party+at+the+palace+2022";"YouTube"
"6906";"the ha recovery podcast";"YouTube"
"6906";"grow with anna app";"YouTube"
"6906";"#norepeats";"YouTube"
"6906";"Kate Noel";"YouTube"
"6906";"karton zuschneiden";"YouTube"
"6992";"https://www.youtube.com/results?search_query=heart+shaker+twice";"YouTube"
"6992";"https://www.youtube.com/results?search_query=(%EC%97%AC%EC%9E%90)%EC%95%84%EC%9D%B4%EB%93%A4((G)I-DLE)+-+%27Nxde%27++comeback";"YouTube"
"6992";"https://www.youtube.com/results?search_query=seventeen+mansae+mv";"YouTube"
"6992";"https://www.youtube.com/results?search_query=mansea+17";"YouTube"
"6992";"https://www.youtube.com/results?search_query=gee+gee+girls+generation+dance";"YouTube"
"6803";"stomper 98 niemand hat gesagt";"YouTube"
"6803";"it's cool man milka";"YouTube"
"6803";"breathe tenebre";"YouTube"
"6803";"acid live";"YouTube"
"6803";"chop suey cover";"YouTube"
"6897";"https://www.youtube.com/results?search_query=bloco+x+opernplatz";"YouTube"
"6897";"https://www.youtube.com/results?search_query=yes+roundabout+live";"YouTube"
"6897";"https://www.youtube.com/results?search_query=boiada";"YouTube"
"6897";"https://www.youtube.com/results?search_query=amon+d%C3%BC%C3%BCl+ii+archangels+thunderbird";"YouTube"
"6897";"https://www.youtube.com/results?search_query=amon+d%C3%BC%C3%BCl+ii+rockpalast";"YouTube"
"6623";"https://www.youtube.com/results?search_query=Flag-Variablen+spss";"YouTube"
"6623";"https://www.youtube.com/results?search_query=malm%C3%B6+union";"YouTube"
"6623";"https://www.youtube.com/results?search_query=schalke+augsburg";"YouTube"
"6623";"https://www.youtube.com/results?search_query=city+chelsea";"YouTube"
"6623";"https://www.youtube.com/results?search_query=union+dortmund";"YouTube"
"6698";"jessarae";"YouTube"
"6698";"francesco tristano";"YouTube"
"6698";"hrubesch";"YouTube"
"6698";"jerusalem hymn";"YouTube"
"6698";"van morrison hamburg";"YouTube"
"6739";"https://www.youtube.com/results?search_query=nightbirde";"YouTube"
"6739";"https://www.youtube.com/results?search_query=hornblower+frosch";"YouTube"
"6739";"https://www.youtube.com/results?search_query=super+mario+3d+land+domtendo";"YouTube"
"6739";"https://www.youtube.com/results?search_query=was+bin+ich";"YouTube"
"6739";"https://www.youtube.com/results?search_query=haie+und+kleine+fische";"YouTube"
"6782";"https://www.youtube.com/results?search_query=justin+bieber+under+the+mistltoe+in+wasington";"YouTube"
"6782";"https://www.youtube.com/results?search_query=difficulty+speaking+clearly";"YouTube"
"6782";"https://www.youtube.com/results?search_query=nicolr+kidman";"YouTube"
"6782";"https://www.youtube.com/results?search_query=jennifer+lopez+interview";"YouTube"
"6782";"https://www.youtube.com/results?search_query=aladdin+trailer";"YouTube"
"6877";"miracle miles";"YouTube"
"6877";"cosmic love florence and the machine";"YouTube"
"6877";"sommer yann";"YouTube"
"6877";"crossing lines music video Hickman";"YouTube"
"6877";"eurovision 2016 grand final  made in sweden";"YouTube"
"6889";"ue4 livelink face";"YouTube"
"6889";"ue4.26 chaos";"YouTube"
"6989";"https://www.youtube.com/results?search_query=gesetz+der+anziehung";"YouTube"
"6989";"https://www.youtube.com/results?search_query=dr.+joseph+murphy";"YouTube"
"6989";"https://www.youtube.com/results?search_query=dankbarkeit";"YouTube"
"6989";"https://www.youtube.com/results?search_query=verbotene+liebe+653";"YouTube"
"6989";"https://www.youtube.com/results?search_query=life+lion";"YouTube"
"7262";"https://www.youtube.com/results?search_query=i+have+nothing+whitney+houston";"YouTube"
"7262";"https://www.youtube.com/results?search_query=sverweis+excel";"YouTube"
"7262";"https://www.youtube.com/results?search_query=Swissvoice+S28+Gro%C3%9Ftasten-Handy";"YouTube"
"7262";"https://www.youtube.com/results?search_query=Angelina+Jordan+-+Fly+Me+To+The+Moon";"YouTube"
"7262";"https://www.youtube.com/results?search_query=grosz+gerald+zipfl";"YouTube"
"7298";"https://www.youtube.com/results?search_query=es+ist+ein+ros+entsprungen";"YouTube"
"7298";"https://www.youtube.com/results?search_query=die+welt+ist+schlecht+%C3%A4rzte";"YouTube"
"7298";"https://www.youtube.com/results?search_query=it+was+a+lover+and+his+lass+alto";"YouTube"
"7298";"https://www.youtube.com/results?search_query=der+l%C3%B6we+schl%C3%A4ft+heut+nacht";"YouTube"
"7298";"https://www.youtube.com/results?search_query=time+trap+ending";"YouTube"
"7327";"https://www.youtube.com/results?search_query=sigala+sweet+lovin";"YouTube"
"7327";"https://www.youtube.com/results?search_query=the+next+step+season+2+episode+10";"YouTube"
"7327";"https://www.youtube.com/results?search_query=feuerwerk+der+turnkunst+hamburg";"YouTube"
"7327";"https://www.youtube.com/results?search_query=you+raise+me+up";"YouTube"
"7327";"https://www.youtube.com/results?search_query=city+lights";"YouTube"
"7999";"https://www.youtube.com/results?search_query=explizit";"YouTube"
"7999";"https://www.youtube.com/results?search_query=Puhdys";"YouTube"
"7999";"https://www.youtube.com/results?search_query=Sinan+Sakic";"YouTube"
"7999";"https://www.youtube.com/results?search_query=enrique+iglesias+bailando";"YouTube"
"7999";"https://www.youtube.com/results?search_query=the+sword+in+the+stone";"YouTube"
"7996";"https://www.youtube.com/results?search_query=hyper+hyper";"YouTube"
"7996";"https://www.youtube.com/results?search_query=veganer+schmecken+besser";"YouTube"
"7996";"https://www.youtube.com/results?search_query=im+from+austria+fendrich";"YouTube"
"7996";"https://www.youtube.com/results?search_query=korfu+doku";"YouTube"
"7996";"https://www.youtube.com/results?search_query=femme+5";"YouTube"
"7999";"https://www.youtube.com/results?search_query=schmetterling+aus+geldschein+falten";"YouTube"
"7999";"https://www.youtube.com/results?search_query=darf+er+das";"YouTube"
"7999";"https://www.youtube.com/results?search_query=herzen+falten+aus+geldscheinen";"YouTube"
"7999";"https://www.youtube.com/results?search_query=scotland+yard+h%C3%B6rspiel";"YouTube"
"7999";"https://www.youtube.com/results?search_query=%C3%BCber+randgruppen+lachen";"YouTube"
"7862";"https://www.youtube.com/results?search_query=widerstand+-+kampf+gegen+hitler";"YouTube"
"7862";"https://www.youtube.com/results?search_query=Changing+Our+Minds:+The+Story+of+Dr.+Evelyn+Hooker";"YouTube"
"7862";"https://www.youtube.com/results?search_query=gymnastics+fails";"YouTube"
"7862";"https://www.youtube.com/results?search_query=erotische+geschichten";"YouTube"
"7862";"https://www.youtube.com/results?search_query=downton+abbey+thomas+suicide";"YouTube"
"7870";"https://www.youtube.com/results?search_query=stra%C3%9Fenmusiker+blindes+m%C3%A4dchen";"YouTube"
"7870";"https://www.youtube.com/results?search_query=sultan+of+swing+emanuel";"YouTube"
"7870";"https://www.youtube.com/results?search_query=irish+pub+playlist";"YouTube"
"7870";"https://www.youtube.com/results?search_query=mit+66+jahren+geburtstagslied";"YouTube"
"7870";"https://www.youtube.com/results?search_query=safe+home";"YouTube"
"7636";"https://www.youtube.com/results?search_query=rgb+pixel+todesstern";"YouTube"
"7636";"https://www.youtube.com/results?search_query=Charles+Marie+Widor+Symphonie+4";"YouTube"
"7636";"https://www.youtube.com/results?search_query=sweelinck+mein+junges+leben+hat+ein+end";"YouTube"
"7636";"https://www.youtube.com/results?search_query=pastor+gunnar+engel";"YouTube"
"7636";"https://www.youtube.com/results?search_query=Evangelische+Kirche+Deizisau";"YouTube"
"7669";"j.p.sauer doppelflinten";"YouTube"
"7669";"airbus a 400";"YouTube"
"7669";"speckhaken";"YouTube"
"7669";"räuchermehl mischung selber machen";"YouTube"
"7669";"ernie und bert mütze glatze";"YouTube"
"7729";"https://www.youtube.com/results?search_query=toccata+und+fuge+d-moll+bwv+565";"YouTube"
"7729";"https://www.youtube.com/results?search_query=don%27t+trust+the+rabbit";"YouTube"
"7729";"https://www.youtube.com/results?search_query=buchenegger+wasserf%C3%A4lle";"YouTube"
"7729";"https://www.youtube.com/results?search_query=warum+schweigen+die+l%C3%A4mmer";"YouTube"
"7729";"https://www.youtube.com/results?search_query=lieb+mich";"YouTube"
"7782";"https://www.youtube.com/results?search_query=dunkelfeld+corona";"YouTube"
"7782";"https://www.youtube.com/results?search_query=pepe+frosch";"YouTube"
"7782";"https://www.youtube.com/results?search_query=paul+enghofer";"YouTube"
"7782";"https://www.youtube.com/results?search_query=neuruppin+scholz";"YouTube"
"7782";"https://www.youtube.com/results?search_query=mtb+modules";"YouTube"
"7799";"one love";"YouTube"
"7799";"the hu";"YouTube"
"7799";"rush";"YouTube"
"7799";"can spoon";"YouTube"
"7799";"john carpenter";"YouTube"
"7982";"https://www.youtube.com/results?search_query=Jovanotti+-+Serenata+Rap";"YouTube"
"7982";"https://www.youtube.com/results?search_query=Jermaine+Jackson+%26+Pia+Zadora+-+When+The+Rain+Begins+To+Fall";"YouTube"
"7982";"https://www.youtube.com/results?search_query=stefan+remmler+keine+angst+hat+der+papa+mir+gesagt+text";"YouTube"
"7982";"https://www.youtube.com/results?search_query=Marco+Borsato+Rood";"YouTube"
"7982";"https://www.youtube.com/results?search_query=status+quo+what+you%27re+proposing";"YouTube"
"8078";"https://www.youtube.com/results?search_query=indoor+cardio+wall+fastner";"YouTube"
"8078";"https://www.youtube.com/results?search_query=fastner+arme";"YouTube"
"8078";"https://www.youtube.com/results?search_query=nackenverspannungen+l%C3%B6sen+gabi+fastner";"YouTube"
"8078";"https://www.youtube.com/results?search_query=intense+workout";"YouTube"
"8078";"https://www.youtube.com/results?search_query=cro";"YouTube"
"8329";"https://www.youtube.com/results?search_query=calendly+tutorial+deutsch";"YouTube"
"8329";"https://www.youtube.com/results?search_query=martina+keglovits";"YouTube"
"8329";"https://www.youtube.com/results?search_query=stefan+b%C3%BCrk";"YouTube"
"8329";"https://www.youtube.com/results?search_query=blender+tutorial+deutsch";"YouTube"
"8329";"https://www.youtube.com/results?search_query=powerpoint+corporate+design";"YouTube"
"8387";"https://www.youtube.com/results?search_query=walter+r%C3%B6hrl";"YouTube"
"8387";"https://www.youtube.com/results?search_query=Bivacco+Campestrin";"YouTube"
"8387";"https://www.youtube.com/results?search_query=pelletheizung";"YouTube"
"8387";"https://www.youtube.com/results?search_query=z%C3%BCrcher+geschnetzeltes+rezept";"YouTube"
"8387";"https://www.youtube.com/results?search_query=ragout+fin";"YouTube"
"8382";"https://www.youtube.com/results?search_query=hymer+venture+s";"YouTube"
"8382";"https://www.youtube.com/results?search_query=challenger+c194";"YouTube"
"8382";"https://www.youtube.com/results?search_query=rotatorenmanschette+training";"YouTube"
"8382";"https://www.youtube.com/results?search_query=rotatorenmanschette+training+reset+mobility";"YouTube"
"8382";"https://www.youtube.com/results?search_query=salut+salon";"YouTube"
"8622";"https://www.youtube.com/results?search_query=greg+davies";"YouTube"
"8622";"https://www.youtube.com/results?search_query=picknicker";"YouTube"
"8622";"https://www.youtube.com/results?search_query=begr%C3%BCssungslieder+im+kindergarten";"YouTube"
"8622";"https://www.youtube.com/results?search_query=media+markt+werbung+hund";"YouTube"
"8622";"https://www.youtube.com/results?search_query=policeman";"YouTube"
"8668";"https://www.youtube.com/results?search_query=ariel+the+little+mermaid+ending";"YouTube"
"8668";"https://www.youtube.com/results?search_query=6+von+der+m%C3%BCllabfuhr";"YouTube"
"8668";"https://www.youtube.com/results?search_query=excrementory+grindfuckers";"YouTube"
"8668";"https://www.youtube.com/results?search_query=van+helga";"YouTube"
"8668";"https://www.youtube.com/results?search_query=rudi+carrell+sprachen";"YouTube"
"8787";"https://www.youtube.com/results?search_query=cantoccini+chor";"YouTube"
"8787";"https://www.youtube.com/results?search_query=the+dark+knight";"YouTube"
"8787";"https://www.youtube.com/results?search_query=laura+malina+seiler";"YouTube"
"8787";"https://www.youtube.com/results?search_query=how+to+play+run+to+the+hills+on+guitar";"YouTube"
"8787";"https://www.youtube.com/results?search_query=hip+hop";"YouTube"
"8903";"https://www.youtube.com/results?search_query=und+dann+steht+einer+auf+und+%C3%B6ffnet+das+fenster";"YouTube"
"8903";"https://www.youtube.com/results?search_query=sea+is+a+desert";"YouTube"
"8903";"https://www.youtube.com/results?search_query=air+bach";"YouTube"
"8903";"https://www.youtube.com/results?search_query=kiss+fm";"YouTube"
"8903";"https://www.youtube.com/results?search_query=tu";"YouTube"
"8923";"https://www.youtube.com/results?search_query=khaleesi+khal";"YouTube"
"8923";"https://www.youtube.com/results?search_query=azumi";"YouTube"
"8923";"https://www.youtube.com/results?search_query=yachten+im+sturm";"YouTube"
"8923";"https://www.youtube.com/results?search_query=lindybeige+roman";"YouTube"
"8923";"https://www.youtube.com/results?search_query=29+palms";"YouTube"
"8989";"https://www.youtube.com/results?search_query=flugzeugbau+technik";"YouTube"
"8989";"https://www.youtube.com/results?search_query=steam+engine+homemade";"YouTube"
"8989";"https://www.youtube.com/results?search_query=servo+extruder";"YouTube"
"8989";"https://www.youtube.com/results?search_query=silber+reinigen+zitronens%C3%A4ure";"YouTube"
"8989";"https://www.youtube.com/results?search_query=russische+";"YouTube"
"9037";"https://www.youtube.com/results?search_query=i+hear+the+sound+of+victory";"YouTube"
"9037";"https://www.youtube.com/results?search_query=Br%C3%BCder+zum+Lichte+zur+Freiheit";"YouTube"
"9037";"https://www.youtube.com/results?search_query=mojib+latif+letzte+generation";"YouTube"
"9037";"https://www.youtube.com/results?search_query=freidenkeralarm";"YouTube"
"9037";"https://www.youtube.com/results?search_query=Imagine+Metal+version";"YouTube"
"9226";"vegan ist ungesund";"YouTube"
"9226";"michael butter";"YouTube"
"9226";"vegan ist ungesund";"YouTube"
"9226";"feuer und flamme";"YouTube"
"9226";"baby elephant walk";"YouTube"
"9269";"https://www.youtube.com/results?search_query=crowd+talkng";"YouTube"
"9269";"https://www.youtube.com/results?search_query=pressekonferenz+bayern+spanier";"YouTube"
"9269";"https://www.youtube.com/results?search_query=ave+verum+m%C3%A4nnerchor";"YouTube"
"9269";"https://www.youtube.com/results?search_query=raphael+perez+nutravya+darmgesundheit";"YouTube"
"9269";"https://www.youtube.com/results?search_query=botschaft+liebe";"YouTube"
"9238";"https://www.youtube.com/results?search_query=batman+66";"YouTube"
"9238";"https://www.youtube.com/results?search_query=junge+music+video";"YouTube"
"9238";"https://www.youtube.com/results?search_query=nadine+frauentausch";"YouTube"
"9238";"https://www.youtube.com/results?search_query=nicht+da%C3%9F+der+wind+sie+bewegt";"YouTube"
"9238";"https://www.youtube.com/results?search_query=creep+o+logie";"YouTube"
"9272";"https://www.youtube.com/results?search_query=philipp+steuer+schweine";"YouTube"
"9272";"https://www.youtube.com/results?search_query=vegane+champignon+rahm+pfanne";"YouTube"
"9272";"https://www.youtube.com/results?search_query=i+wish+i+knew+you+when+i+was+young";"YouTube"
"9272";"https://www.youtube.com/results?search_query=azidose";"YouTube"
"9272";"https://www.youtube.com/results?search_query=copien+sebastian";"YouTube"
"9279";"https://www.youtube.com/results?search_query=steph+grella";"YouTube"
"9279";"https://www.youtube.com/results?search_query=liebscher+Bracht";"YouTube"
"9279";"https://www.youtube.com/results?search_query=irrtum+der+film";"YouTube"
"9279";"https://www.youtube.com/results?search_query=starship+troopers";"YouTube"
"9290";"https://www.youtube.com/results?search_query=inselpredigt+otto";"YouTube"
"9290";"https://www.youtube.com/results?search_query=queen+interview+1973";"YouTube"
"9290";"https://www.youtube.com/results?search_query=wolfgang+schnabl";"YouTube"
"9290";"https://www.youtube.com/results?search_query=radiohead+street+spirit";"YouTube"
"9290";"https://www.youtube.com/results?search_query=gigi+d%27agostino+in+my+mind+official+video";"YouTube"
"9296";"https://www.youtube.com/results?search_query=adriano+celentano+der+gez%C3%A4hmte+widerspenstige+ganzer+film+";"YouTube"
"9296";"https://www.youtube.com/results?search_query=Nimm+ihn+in+den+Mund+mit+sack";"YouTube"
"9296";"https://www.youtube.com/results?search_query=frauenarzt+teilen+macht+spa%C3%9F";"YouTube"
"9296";"https://www.youtube.com/results?search_query=ennio+morricone";"YouTube"
"9296";"https://www.youtube.com/results?search_query=gib+dem+affen+zucker+adriano+celentano";"YouTube"
"9330";"india pakistan border ritual";"YouTube"
"9330";"roberto carlos amazing goal";"YouTube"
"9330";"ed sheeran shape of you";"YouTube"
"9330";"warmduscher";"YouTube"
"9330";"germany second america first";"YouTube"
"9390";"https://www.youtube.com/results?search_query=verdi+requiem";"YouTube"
"9390";"https://www.youtube.com/results?search_query=ufo+folge+6";"YouTube"
"9390";"https://www.youtube.com/results?search_query=bwv+38";"YouTube"
"9390";"https://www.youtube.com/results?search_query=rink+der+tod+hat+nicht+das+letzte+wort";"YouTube"
"9390";"https://www.youtube.com/results?search_query=bach+osteroratorium+bwv+249";"YouTube"
"9927";"https://www.youtube.com/results?search_query=bohemian+rhapsody+trailer";"YouTube"
"9927";"https://www.youtube.com/results?search_query=udo+und+wilke";"YouTube"
"9927";"https://www.youtube.com/results?search_query=Trump+Surprises+melania";"YouTube"
"9927";"https://www.youtube.com/results?search_query=Schranz+techno+hardcore";"YouTube"
"9927";"https://www.youtube.com/results?search_query=mono+und+nikitaman+genre";"YouTube"
"9992";"https://www.youtube.com/results?search_query=fl%C3%BCchtlingssong";"YouTube"
"9992";"https://www.youtube.com/results?search_query=teams";"YouTube"
"9992";"https://www.youtube.com/results?search_query=sql+tutorial+deutsch";"YouTube"
"9992";"https://www.youtube.com/results?search_query=marketing";"YouTube"
"9992";"https://www.youtube.com/results?search_query=naina";"YouTube"
"9820";"https://www.youtube.com/results?search_query=hans+hartz+die+wei%C3%9Fen+tauben+fliegen+wieder";"YouTube"
"9820";"https://www.youtube.com/results?search_query=n%C3%BCbel+eigentor";"YouTube"
"9820";"https://www.youtube.com/results?search_query=gangsters+paradise+piano";"YouTube"
"9820";"https://www.youtube.com/results?search_query=kunze+heinz+rudolf+dein+ist+mein+ganzes+herz";"YouTube"
"9820";"https://www.youtube.com/results?search_query=srf+kultur+sternstunde";"YouTube"
"9673";"https://www.youtube.com/results?search_query=du+o+sch%C3%B6nes+weltgeb%C3%A4ude";"YouTube"
"9673";"https://www.youtube.com/results?search_query=beethoven+missa+in+c+major";"YouTube"
"9673";"https://www.youtube.com/results?search_query=weihnachtsoratorium+bach+teil+1";"YouTube"
"9673";"https://www.youtube.com/results?search_query=iliopsoas+dehnen";"YouTube"
"9673";"https://www.youtube.com/results?search_query=unterer+r%C3%BCcken+dehnen+%C3%BCbungen";"YouTube"
"9696";"https://www.youtube.com/results?search_query=heaven+shall+burn+blitz";"YouTube"
"9696";"https://www.youtube.com/results?search_query=harder+better+finger+stronger";"YouTube"
"9696";"https://www.youtube.com/results?search_query=mini-playbackshow";"YouTube"
"9696";"https://www.youtube.com/results?search_query=grasgefl%C3%BCster";"YouTube"
"9696";"https://www.youtube.com/results?search_query=omega+perlen+im+haar";"YouTube"
"9728";"https://www.youtube.com/results?search_query=tanzchor+60";"YouTube"
"9728";"https://www.youtube.com/results?search_query=halleluja+sing+a+song";"YouTube"
"9728";"https://www.youtube.com/results?search_query=gem%C3%A4%C3%9Figt+satanisch";"YouTube"
"9728";"https://www.youtube.com/results?search_query=kins";"YouTube"
"9728";"https://www.youtube.com/results?search_query=tanzchor60";"YouTube"
"9837";"y-kollektiv";"YouTube"
"9837";"fanta 4";"YouTube"
"9837";"dokumentation kurtisanen";"YouTube"
"9837";"trampolin übungen zu hause";"YouTube"
"9837";"feelgood movies";"YouTube"
"9908";"https://www.youtube.com/results?search_query=vermisse";"YouTube"
"9908";"https://www.youtube.com/results?search_query=crazy+little+thing+called+love";"YouTube"
"9908";"https://www.youtube.com/results?search_query=latinas+like+selina";"YouTube"
"9908";"https://www.youtube.com/results?search_query=einzelg%C3%A4nger+taoism";"YouTube"
"9908";"https://www.youtube.com/results?search_query=skydiving+best+places";"YouTube"
"20202";"https://www.youtube.com/results?search_query=minecraft+fenster+r%C3%BCstungsst%C3%A4nder+";"YouTube"
"20202";"https://www.youtube.com/results?search_query=minecraft+beton";"YouTube"
"20202";"https://www.youtube.com/results?search_query=carry+on+my+son";"YouTube"
"20202";"https://www.youtube.com/results?search_query=eisk%C3%B6nigin+2+nordwind";"YouTube"
"20202";"https://www.youtube.com/results?search_query=primer";"YouTube"
"20238";"we no speak americano yolanda be cool official music video";"YouTube"
"20238";"pika girl dance";"YouTube"
"20238";"raining tacos original";"YouTube"
"20238";"male orgasm sound";"YouTube"
"20238";"the riddle gigi d'agostino";"YouTube"
"20276";"https://www.youtube.com/results?search_query=overwatch+cinematic+honor+and+glory";"YouTube"
"20276";"https://www.youtube.com/results?search_query=overwatch+cinematic+honor+and+glory+reaction+mashup";"YouTube"
"20276";"https://www.youtube.com/results?search_query=beds+are+burning";"YouTube"
"20276";"https://www.youtube.com/results?search_query=witcher+3+trailer+reaction+mashup";"YouTube"
"20276";"https://www.youtube.com/results?search_query=overwatch+cinematic";"YouTube"
"20278";"https://www.youtube.com/results?search_query=sap+pm+module+training";"YouTube"
"20278";"https://www.youtube.com/results?search_query=australien+gef%C3%A4hrlich+backpacker";"YouTube"
"20278";"https://www.youtube.com/results?search_query=ikea+k%C3%BCchen+2022";"YouTube"
"20278";"https://www.youtube.com/results?search_query=samsonite+koffer+rollen+wechseln";"YouTube"
"20278";"https://www.youtube.com/results?search_query=condor+70+rundgang";"YouTube"
"20290";"https://www.youtube.com/results?search_query=Speiegel+TV";"YouTube"
"20290";"https://www.youtube.com/results?search_query=Was+ist+mit+Karsten+los%3F";"YouTube"
"20290";"https://www.youtube.com/results?search_query=Justice+Concert+Paris+2017";"YouTube"
"20290";"https://www.youtube.com/results?search_query=ice+leipzig+n%C3%BCrnberg";"YouTube"
"20290";"https://www.youtube.com/results?search_query=F%C3%BChrerstandsmitfahrt+Frankfurt";"YouTube"
"20296";"https://www.youtube.com/results?search_query=welt+ukraine";"YouTube"
"20296";"https://www.youtube.com/results?search_query=steinmeier+rede+heute";"YouTube"
"20296";"https://www.youtube.com/results?search_query=swingle+singers+bach+air";"YouTube"
"20296";"https://www.youtube.com/results?search_query=harmonic+brass+m%C3%BCnchen";"YouTube"
"20296";"https://www.youtube.com/results?search_query=greta+thunberg+maischberger+interview";"YouTube"
"20227";"https://www.youtube.com/results?search_query=guilmant+op+61";"YouTube"
"20227";"https://www.youtube.com/results?search_query=flashmob+halleluja";"YouTube"
"20227";"https://www.youtube.com/results?search_query=beziksblech+ludwigsburg";"YouTube"
"20227";"https://www.youtube.com/results?search_query=wickie+und+die+starken+m%C3%A4nner+zeichentrickserie";"YouTube"
"20227";"https://www.youtube.com/results?search_query=bella+italia+1";"YouTube"
"20388";"https://www.youtube.com/results?search_query=lesbischwul";"YouTube"
"20388";"https://www.youtube.com/results?search_query=phil+lester";"YouTube"
"20388";"https://www.youtube.com/results?search_query=ras+protein+und+p53";"YouTube"
"20388";"https://www.youtube.com/results?search_query=verbotene+liebe+jan+und+julia+mallorca";"YouTube"
"20388";"https://www.youtube.com/results?search_query=cavetown+cut+my+hair";"YouTube"
"20989";"https://www.youtube.com/results?search_query=verdi";"YouTube"
"20989";"https://www.youtube.com/results?search_query=weihnachten+in+den+highlands+trailer";"YouTube"
"20989";"https://www.youtube.com/results?search_query=ehrlich+film+impfung";"YouTube"
"20989";"https://www.youtube.com/results?search_query=temple+monkeys+corona";"YouTube"
"20989";"https://www.youtube.com/results?search_query=+kupferschwert";"YouTube"
"20999";"https://www.youtube.com/results?search_query=mayli+cyrus+new+song";"YouTube"
"20999";"https://www.youtube.com/results?search_query=taylor+swift";"YouTube"
"20999";"https://www.youtube.com/results?search_query=dota+2";"YouTube"
"20999";"https://www.youtube.com/results?search_query=Dick+pic";"YouTube"
"20999";"https://www.youtube.com/results?search_query=weiches+auge+knoten";"YouTube"
"20878";"https://www.youtube.com/results?search_query=raumzeit+fermi+paradoxon";"YouTube"
"20878";"https://www.youtube.com/results?search_query=super+hornet";"YouTube"
"20878";"https://www.youtube.com/results?search_query=existentialismus+leicht+erkl%C3%A4rt";"YouTube"
"20878";"https://www.youtube.com/results?search_query=david+parsons+manosarovar+II";"YouTube"
"20878";"https://www.youtube.com/results?search_query=david+parsons";"YouTube"
"20689";"https://www.youtube.com/results?search_query=nun+wollen+wir+ein+licht+anz%C3%BCnden";"YouTube"
"20689";"https://www.youtube.com/results?search_query=fliesen+schneiden";"YouTube"
"20689";"https://www.youtube.com/results?search_query=jakikoehler";"YouTube"
"20689";"https://www.youtube.com/results?search_query=franz%C3%B6sisch+lernen+pass%C3%A9+compos%C3%A9";"YouTube"
"20689";"https://www.youtube.com/results?search_query=badewannenarmatur+selber+austauschen";"YouTube"
"20723";"https://www.youtube.com/results?search_query=new+kids";"YouTube"
"20723";"https://www.youtube.com/results?search_query=carwow+seat";"YouTube"
"20723";"https://www.youtube.com/results?search_query=harald+ilg";"YouTube"
"20723";"https://www.youtube.com/results?search_query=isle+of+man+tt+sidecar+accident";"YouTube"
"20723";"https://www.youtube.com/results?search_query=leon+5f+mtm";"YouTube"
